{"cameraMode":{"drawMode":0,"name":"Shaded","section":"Shading Mode"},"sceneLighting":true,"audioPlay":false,"sceneViewState":{"showFog":true,"showMaterialUpdate":false,"showSkybox":true,"showFlares":true,"showImageEffects":true,"showParticleSystems":true},"in2DMode":false,"pivot":{"x":-0.21409998834133149,"y":0.009300000965595246,"z":0.39379996061325076},"rotation":{"x":-0.20679524540901185,"y":-0.13395275175571443,"z":0.02859429083764553,"w":-0.96875},"size":0.23322464525699616,"orthographic":false}