{"cameraMode":{"drawMode":0,"name":"Shaded","section":"Shading Mode"},"sceneLighting":true,"audioPlay":false,"sceneViewState":{"showFog":true,"showMaterialUpdate":false,"showSkybox":true,"showFlares":true,"showImageEffects":true,"showParticleSystems":true},"in2DMode":false,"pivot":{"x":0.04752755165100098,"y":-0.14056727290153504,"z":0.2503870725631714},"rotation":{"x":-0.20679524540901185,"y":-0.13395275175571443,"z":0.02859429083764553,"w":-0.96875},"size":0.5332247018814087,"orthographic":false}